ID,0,1,2,3,4,5,6,7
Time,2026-Mar-03 17:00:44,2026-Mar-03 17:00:53,2026-Mar-03 17:01:03,2026-Mar-03 17:01:12,2026-Mar-03 17:01:55,2026-Mar-03 17:02:22,2026-Mar-03 17:02:49,2026-Mar-03 17:03:16
API Call ID,27501,27522,27532,27553,300897,300918,300928,300949
Estimated Speedup [%],0.00,0.00,0.00,0.00,0.00,0.00,0.00,0.00
Runtime Improvement [us],0.00,0.00,0.00,0.00,0.00,0.00,0.00,0.00
Issues Detected [issue],0,0,0,0,0,0,0,0
Function Name,vectorized_layer_norm_kernel,ampere_bf16_s16816gemm_bf16_128x256_ldg8_relu_f2f_stages_64x3_tn,vectorized_elementwise_kernel,ampere_bf16_s16816gemm_bf16_128x256_ldg8_relu_f2f_stages_64x3_tn,vectorized_layer_norm_kernel,ampere_bf16_s16816gemm_bf16_128x128_ldg8_relu_f2f_stages_64x3_tn,vectorized_elementwise_kernel,ampere_bf16_s16816gemm_bf16_128x128_ldg8_relu_f2f_stages_64x3_tn
Mangled Name,_ZN2at6native53_GLOBAL__N__21739cd4_20_layer_norm_kernel_cu_9c5ada8a28vectorized_layer_norm_kernelIN3c108BFloat16EfLb0EEEviT0_PKT_S8_S8_PS5_S9_PS6_,ampere_bf16_s16816gemm_bf16_128x256_ldg8_relu_f2f_stages_64x3_tn,_ZN2at6native29vectorized_elementwise_kernelILi4EZZZNS0_18GeluCUDAKernelImplERNS_18TensorIteratorBaseENS0_8GeluTypeEENKUlvE0_clEvENKUlvE2_clEvEUlN3c108BFloat16EE_St5arrayIPcLm2EEEEviT0_T1_,ampere_bf16_s16816gemm_bf16_128x256_ldg8_relu_f2f_stages_64x3_tn,_ZN2at6native53_GLOBAL__N__21739cd4_20_layer_norm_kernel_cu_9c5ada8a28vectorized_layer_norm_kernelIN3c108BFloat16EfLb0EEEviT0_PKT_S8_S8_PS5_S9_PS6_,ampere_bf16_s16816gemm_bf16_128x128_ldg8_relu_f2f_stages_64x3_tn,_ZN2at6native29vectorized_elementwise_kernelILi4EZZZNS0_18GeluCUDAKernelImplERNS_18TensorIteratorBaseENS0_8GeluTypeEENKUlvE0_clEvENKUlvE2_clEvEUlN3c108BFloat16EE_St5arrayIPcLm2EEEEviT0_T1_,ampere_bf16_s16816gemm_bf16_128x128_ldg8_relu_f2f_stages_64x3_tn
Demangled Name,..vectorized_layer_norm_kernel..,ampere_bf16_s16816gemm_bf16_128x256_ldg8_relu_f2f_stages_64x3_tn,..vectorized_elementwise_kernel..,ampere_bf16_s16816gemm_bf16_128x256_ldg8_relu_f2f_stages_64x3_tn,..vectorized_layer_norm_kernel..,ampere_bf16_s16816gemm_bf16_128x128_ldg8_relu_f2f_stages_64x3_tn,..vectorized_elementwise_kernel..,ampere_bf16_s16816gemm_bf16_128x128_ldg8_relu_f2f_stages_64x3_tn
Original Demangled Name,"void at::native::<unnamed>::vectorized_layer_norm_kernel<c10::BFloat16, float, (bool)0>(int, T2, const T1 *, const T1 *, const T1 *, T2 *, T2 *, T1 *)",ampere_bf16_s16816gemm_bf16_128x256_ldg8_relu_f2f_stages_64x3_tn,"void at::native::vectorized_elementwise_kernel<(int)4, at::native::GeluCUDAKernelImpl(at::TensorIteratorBase &, at::native::GeluType)::[lambda() (instance 2)]::operator ()() const::[lambda() (instance 4)]::operator ()() const::[lambda(c10::BFloat16) (instance 1)], std::array<char *, (unsigned long)2>>(int, T2, T3)",ampere_bf16_s16816gemm_bf16_128x256_ldg8_relu_f2f_stages_64x3_tn,"void at::native::<unnamed>::vectorized_layer_norm_kernel<c10::BFloat16, float, (bool)0>(int, T2, const T1 *, const T1 *, const T1 *, T2 *, T2 *, T1 *)",ampere_bf16_s16816gemm_bf16_128x128_ldg8_relu_f2f_stages_64x3_tn,"void at::native::vectorized_elementwise_kernel<(int)4, at::native::GeluCUDAKernelImpl(at::TensorIteratorBase &, at::native::GeluType)::[lambda() (instance 2)]::operator ()() const::[lambda() (instance 4)]::operator ()() const::[lambda(c10::BFloat16) (instance 1)], std::array<char *, (unsigned long)2>>(int, T2, T3)",ampere_bf16_s16816gemm_bf16_128x128_ldg8_relu_f2f_stages_64x3_tn
Process,[137911] python3.10,[137911] python3.10,[137911] python3.10,[137911] python3.10,[137911] python3.10,[137911] python3.10,[137911] python3.10,[137911] python3.10
Thread ID [thread],137911,137911,137911,137911,137911,137911,137911,137911
Device Name,NVIDIA A100-PCIE-40GB,NVIDIA A100-PCIE-40GB,NVIDIA A100-PCIE-40GB,NVIDIA A100-PCIE-40GB,NVIDIA A100-PCIE-40GB,NVIDIA A100-PCIE-40GB,NVIDIA A100-PCIE-40GB,NVIDIA A100-PCIE-40GB
CUprogram,0x5652822de430,0x565274861e20,0x56528371b650,0x565274861e20,0x5652822de430,0x565274861e20,0x56528371b650,0x565274861e20
CUfunction,0x5652830484f0,0x5652749dcf90,0x5652840a2e30,0x5652749dcf90,0x5652830484f0,0x565274956370,0x5652840a2e30,0x565274956370
Grid Offset,"    0,    0,    0","    0,    0,    0","    0,    0,    0","    0,    0,    0","    0,    0,    0","    0,    0,    0","    0,    0,    0","    0,    0,    0"
Grid Size," 3328,    1,    1","   28,   13,    1","11648,    1,    1","   28,   13,    1","  256,    1,    1","   28,    2,    1","  896,    1,    1","   28,    2,    1"
Block Size [block],"   32,    4,    1","  256,    1,    1","  128,    1,    1","  256,    1,    1","   32,    4,    1","  128,    1,    1","  128,    1,    1","  128,    1,    1"
Grid Dimensions,3,3,3,3,3,3,3,3
Result Type,Kernel: SIMT,Kernel: SIMT,Kernel: SIMT,Kernel: SIMT,Kernel: SIMT,Kernel: SIMT,Kernel: SIMT,Kernel: SIMT
gpu__time_duration.sum [us],75.68,763.46,49.63,676.54,23.97,106.46,11.62,95.33
c2clink__enabled_mask,0,0,0,0,0,0,0,0
c2clink__present,0,0,0,0,0,0,0,0
device__attribute_architecture,368,368,368,368,368,368,368,368
device__attribute_async_engine_count,3,3,3,3,3,3,3,3
device__attribute_can_flush_remote_writes,0,0,0,0,0,0,0,0
device__attribute_can_map_host_memory,1,1,1,1,1,1,1,1
device__attribute_can_tex2d_gather,1,1,1,1,1,1,1,1
device__attribute_can_use_64_bit_stream_mem_ops,1,1,1,1,1,1,1,1
device__attribute_can_use_64_bit_stream_mem_ops_v1,0,0,0,0,0,0,0,0
device__attribute_can_use_host_pointer_for_registered_mem,1,1,1,1,1,1,1,1
device__attribute_can_use_stream_mem_ops_v1,0,0,0,0,0,0,0,0
device__attribute_can_use_stream_wait_value_nor,1,1,1,1,1,1,1,1
device__attribute_can_use_stream_wait_value_nor_v1,0,0,0,0,0,0,0,0
device__attribute_chip,368,368,368,368,368,368,368,368
device__attribute_clock_rate,"1,410,000","1,410,000","1,410,000","1,410,000","1,410,000","1,410,000","1,410,000","1,410,000"
device__attribute_cluster_launch,0,0,0,0,0,0,0,0
device__attribute_compute_capability_major,8,8,8,8,8,8,8,8
device__attribute_compute_capability_minor,0,0,0,0,0,0,0,0
device__attribute_compute_mode,0,0,0,0,0,0,0,0
device__attribute_compute_preemption_supported,1,1,1,1,1,1,1,1
device__attribute_concurrent_kernels,1,1,1,1,1,1,1,1
device__attribute_concurrent_managed_access,1,1,1,1,1,1,1,1
device__attribute_confidential_computing_mode,No-CC,No-CC,No-CC,No-CC,No-CC,No-CC,No-CC,No-CC
device__attribute_cooperative_launch,1,1,1,1,1,1,1,1
device__attribute_cooperative_multi_device_launch,1,1,1,1,1,1,1,1
device__attribute_deferred_mapping_cuda_array_supported,1,1,1,1,1,1,1,1
device__attribute_device_index,0,0,0,0,0,0,0,0
device__attribute_direct_managed_mem_access_from_host,0,0,0,0,0,0,0,0
device__attribute_display_name,NVIDIA A100-PCIE-40GB,NVIDIA A100-PCIE-40GB,NVIDIA A100-PCIE-40GB,NVIDIA A100-PCIE-40GB,NVIDIA A100-PCIE-40GB,NVIDIA A100-PCIE-40GB,NVIDIA A100-PCIE-40GB,NVIDIA A100-PCIE-40GB
device__attribute_dma_buf_supported,0,0,0,0,0,0,0,0
device__attribute_ecc_enabled,1,1,1,1,1,1,1,1
device__attribute_fb_bus_width,"5,120","5,120","5,120","5,120","5,120","5,120","5,120","5,120"
device__attribute_fbp_count,10,10,10,10,10,10,10,10
device__attribute_generic_compression_supported,1,1,1,1,1,1,1,1
device__attribute_global_l1_cache_supported,1,1,1,1,1,1,1,1
device__attribute_global_memory_bus_width,"5,120","5,120","5,120","5,120","5,120","5,120","5,120","5,120"
device__attribute_gpu_direct_rdma_flush_writes_options,1,1,1,1,1,1,1,1
device__attribute_gpu_direct_rdma_supported,1,1,1,1,1,1,1,1
device__attribute_gpu_direct_rdma_with_cuda_vmm_supported,1,1,1,1,1,1,1,1
device__attribute_gpu_direct_rdma_writes_ordering,0,0,0,0,0,0,0,0
device__attribute_gpu_overlap,1,1,1,1,1,1,1,1
device__attribute_gpu_pci_device_id,"552,669,406","552,669,406","552,669,406","552,669,406","552,669,406","552,669,406","552,669,406","552,669,406"
device__attribute_gpu_pci_ext_device_id,"8,433","8,433","8,433","8,433","8,433","8,433","8,433","8,433"
device__attribute_gpu_pci_ext_downstream_link_rate,"16,000","16,000","16,000","16,000","16,000","16,000","16,000","16,000"
device__attribute_gpu_pci_ext_downstream_link_width,16,16,16,16,16,16,16,16
device__attribute_gpu_pci_ext_gen,3,3,3,3,3,3,3,3
device__attribute_gpu_pci_ext_gpu_gen,3,3,3,3,3,3,3,3
device__attribute_gpu_pci_ext_gpu_link_rate,"16,000","16,000","16,000","16,000","16,000","16,000","16,000","16,000"
device__attribute_gpu_pci_ext_gpu_link_width,16,16,16,16,16,16,16,16
device__attribute_gpu_pci_revision_id,161,161,161,161,161,161,161,161
device__attribute_gpu_pci_sub_system_id,"341,774,558","341,774,558","341,774,558","341,774,558","341,774,558","341,774,558","341,774,558","341,774,558"
device__attribute_handle_type_posix_file_descriptor_supported,1,1,1,1,1,1,1,1
device__attribute_handle_type_win32_handle_supported,0,0,0,0,0,0,0,0
device__attribute_handle_type_win32_kmt_handle_supported,0,0,0,0,0,0,0,0
device__attribute_host_native_atomic_supported,0,0,0,0,0,0,0,0
device__attribute_host_numa_id,1,1,1,1,1,1,1,1
device__attribute_host_register_supported,1,1,1,1,1,1,1,1
device__attribute_implementation,368,368,368,368,368,368,368,368
device__attribute_integrated,0,0,0,0,0,0,0,0
device__attribute_ipc_event_supported,1,1,1,1,1,1,1,1
device__attribute_kernel_exec_timeout,0,0,0,0,0,0,0,0
device__attribute_l2_cache_size,"41,943,040","41,943,040","41,943,040","41,943,040","41,943,040","41,943,040","41,943,040","41,943,040"
device__attribute_l2s_count,80,80,80,80,80,80,80,80
device__attribute_limits_max_cta_per_sm,32,32,32,32,32,32,32,32
device__attribute_local_l1_cache_supported,1,1,1,1,1,1,1,1
device__attribute_managed_memory,1,1,1,1,1,1,1,1
device__attribute_max_access_policy_window_size,"134,213,632","134,213,632","134,213,632","134,213,632","134,213,632","134,213,632","134,213,632","134,213,632"
device__attribute_max_block_dim_x,"1,024","1,024","1,024","1,024","1,024","1,024","1,024","1,024"
device__attribute_max_block_dim_y,"1,024","1,024","1,024","1,024","1,024","1,024","1,024","1,024"
device__attribute_max_block_dim_z,64,64,64,64,64,64,64,64
device__attribute_max_blocks_per_multiprocessor,32,32,32,32,32,32,32,32
device__attribute_max_gpu_frequency_khz,"1,410,000","1,410,000","1,410,000","1,410,000","1,410,000","1,410,000","1,410,000","1,410,000"
device__attribute_max_grid_dim_x,"2,147,483,647","2,147,483,647","2,147,483,647","2,147,483,647","2,147,483,647","2,147,483,647","2,147,483,647","2,147,483,647"
device__attribute_max_grid_dim_y,"65,535","65,535","65,535","65,535","65,535","65,535","65,535","65,535"
device__attribute_max_grid_dim_z,"65,535","65,535","65,535","65,535","65,535","65,535","65,535","65,535"
device__attribute_max_ipc_per_multiprocessor,4,4,4,4,4,4,4,4
device__attribute_max_ipc_per_scheduler,1,1,1,1,1,1,1,1
device__attribute_max_mem_frequency_khz,"1,215,000","1,215,000","1,215,000","1,215,000","1,215,000","1,215,000","1,215,000","1,215,000"
device__attribute_max_persisting_l2_cache_size,"26,214,400","26,214,400","26,214,400","26,214,400","26,214,400","26,214,400","26,214,400","26,214,400"
device__attribute_max_pitch,"2,147,483,647","2,147,483,647","2,147,483,647","2,147,483,647","2,147,483,647","2,147,483,647","2,147,483,647","2,147,483,647"
device__attribute_max_registers_per_block,"65,536","65,536","65,536","65,536","65,536","65,536","65,536","65,536"
device__attribute_max_registers_per_multiprocessor,"65,536","65,536","65,536","65,536","65,536","65,536","65,536","65,536"
device__attribute_max_registers_per_thread,255,255,255,255,255,255,255,255
device__attribute_max_shared_memory_per_block,"49,152","49,152","49,152","49,152","49,152","49,152","49,152","49,152"
device__attribute_max_shared_memory_per_block_optin,"166,912","166,912","166,912","166,912","166,912","166,912","166,912","166,912"
device__attribute_max_shared_memory_per_multiprocessor,"167,936","167,936","167,936","167,936","167,936","167,936","167,936","167,936"
device__attribute_max_threads_per_block,"1,024","1,024","1,024","1,024","1,024","1,024","1,024","1,024"
device__attribute_max_threads_per_multiprocessor,"2,048","2,048","2,048","2,048","2,048","2,048","2,048","2,048"
device__attribute_max_warps_per_multiprocessor,64,64,64,64,64,64,64,64
device__attribute_max_warps_per_scheduler,16,16,16,16,16,16,16,16
device__attribute_maximum_surface1d_layered_layers,"2,048","2,048","2,048","2,048","2,048","2,048","2,048","2,048"
device__attribute_maximum_surface1d_layered_width,"32,768","32,768","32,768","32,768","32,768","32,768","32,768","32,768"
device__attribute_maximum_surface1d_width,"32,768","32,768","32,768","32,768","32,768","32,768","32,768","32,768"
device__attribute_maximum_surface2d_height,"65,536","65,536","65,536","65,536","65,536","65,536","65,536","65,536"
device__attribute_maximum_surface2d_layered_height,"32,768","32,768","32,768","32,768","32,768","32,768","32,768","32,768"
device__attribute_maximum_surface2d_layered_layers,"2,048","2,048","2,048","2,048","2,048","2,048","2,048","2,048"
device__attribute_maximum_surface2d_layered_width,"32,768","32,768","32,768","32,768","32,768","32,768","32,768","32,768"
device__attribute_maximum_surface2d_width,"131,072","131,072","131,072","131,072","131,072","131,072","131,072","131,072"
device__attribute_maximum_surface3d_depth,"16,384","16,384","16,384","16,384","16,384","16,384","16,384","16,384"
device__attribute_maximum_surface3d_height,"16,384","16,384","16,384","16,384","16,384","16,384","16,384","16,384"
device__attribute_maximum_surface3d_width,"16,384","16,384","16,384","16,384","16,384","16,384","16,384","16,384"
device__attribute_maximum_surfacecubemap_layered_layers,"2,046","2,046","2,046","2,046","2,046","2,046","2,046","2,046"
device__attribute_maximum_surfacecubemap_layered_width,"32,768","32,768","32,768","32,768","32,768","32,768","32,768","32,768"
device__attribute_maximum_surfacecubemap_width,"32,768","32,768","32,768","32,768","32,768","32,768","32,768","32,768"
device__attribute_maximum_texture1d_layered_layers,"2,048","2,048","2,048","2,048","2,048","2,048","2,048","2,048"
device__attribute_maximum_texture1d_layered_width,"32,768","32,768","32,768","32,768","32,768","32,768","32,768","32,768"
device__attribute_maximum_texture1d_linear_width,"268,435,456","268,435,456","268,435,456","268,435,456","268,435,456","268,435,456","268,435,456","268,435,456"
device__attribute_maximum_texture1d_mipmapped_width,"32,768","32,768","32,768","32,768","32,768","32,768","32,768","32,768"
device__attribute_maximum_texture1d_width,"131,072","131,072","131,072","131,072","131,072","131,072","131,072","131,072"
device__attribute_maximum_texture2d_gather_height,"32,768","32,768","32,768","32,768","32,768","32,768","32,768","32,768"
device__attribute_maximum_texture2d_gather_width,"32,768","32,768","32,768","32,768","32,768","32,768","32,768","32,768"
device__attribute_maximum_texture2d_height,"65,536","65,536","65,536","65,536","65,536","65,536","65,536","65,536"
device__attribute_maximum_texture2d_layered_height,"32,768","32,768","32,768","32,768","32,768","32,768","32,768","32,768"
device__attribute_maximum_texture2d_layered_layers,"2,048","2,048","2,048","2,048","2,048","2,048","2,048","2,048"
device__attribute_maximum_texture2d_layered_width,"32,768","32,768","32,768","32,768","32,768","32,768","32,768","32,768"
device__attribute_maximum_texture2d_linear_height,"65,000","65,000","65,000","65,000","65,000","65,000","65,000","65,000"
device__attribute_maximum_texture2d_linear_pitch,"2,097,120","2,097,120","2,097,120","2,097,120","2,097,120","2,097,120","2,097,120","2,097,120"
device__attribute_maximum_texture2d_linear_width,"131,072","131,072","131,072","131,072","131,072","131,072","131,072","131,072"
device__attribute_maximum_texture2d_mipmapped_height,"32,768","32,768","32,768","32,768","32,768","32,768","32,768","32,768"
device__attribute_maximum_texture2d_mipmapped_width,"32,768","32,768","32,768","32,768","32,768","32,768","32,768","32,768"
device__attribute_maximum_texture2d_width,"131,072","131,072","131,072","131,072","131,072","131,072","131,072","131,072"
device__attribute_maximum_texture3d_depth,"16,384","16,384","16,384","16,384","16,384","16,384","16,384","16,384"
device__attribute_maximum_texture3d_depth_alternate,"32,768","32,768","32,768","32,768","32,768","32,768","32,768","32,768"
device__attribute_maximum_texture3d_height,"16,384","16,384","16,384","16,384","16,384","16,384","16,384","16,384"
device__attribute_maximum_texture3d_height_alternate,"8,192","8,192","8,192","8,192","8,192","8,192","8,192","8,192"
device__attribute_maximum_texture3d_width,"16,384","16,384","16,384","16,384","16,384","16,384","16,384","16,384"
device__attribute_maximum_texture3d_width_alternate,"8,192","8,192","8,192","8,192","8,192","8,192","8,192","8,192"
device__attribute_maximum_texturecubemap_layered_layers,"2,046","2,046","2,046","2,046","2,046","2,046","2,046","2,046"
device__attribute_maximum_texturecubemap_layered_width,"32,768","32,768","32,768","32,768","32,768","32,768","32,768","32,768"
device__attribute_maximum_texturecubemap_width,"32,768","32,768","32,768","32,768","32,768","32,768","32,768","32,768"
device__attribute_mem_sync_domain_count,1,1,1,1,1,1,1,1
device__attribute_memory_clock_rate,"1,215,000","1,215,000","1,215,000","1,215,000","1,215,000","1,215,000","1,215,000","1,215,000"
device__attribute_memory_pools_supported,1,1,1,1,1,1,1,1
device__attribute_mempool_supported_handle_types,9,9,9,9,9,9,9,9
device__attribute_mps_enabled,0,0,0,0,0,0,0,0
device__attribute_multi_gpu_board,0,0,0,0,0,0,0,0
device__attribute_multi_gpu_board_group_id,0,0,0,0,0,0,0,0
device__attribute_multicast_supported,0,0,0,0,0,0,0,0
device__attribute_multiprocessor_count,108,108,108,108,108,108,108,108
device__attribute_num_l2s_per_fbp,8,8,8,8,8,8,8,8
device__attribute_num_schedulers_per_multiprocessor,4,4,4,4,4,4,4,4
device__attribute_num_tex_per_multiprocessor,1,1,1,1,1,1,1,1
device__attribute_numa_config,0,0,0,0,0,0,0,0
device__attribute_pageable_memory_access,0,0,0,0,0,0,0,0
device__attribute_pageable_memory_access_uses_host_page_tables,0,0,0,0,0,0,0,0
device__attribute_pci_bus_id,151,151,151,151,151,151,151,151
device__attribute_pci_device_id,0,0,0,0,0,0,0,0
device__attribute_pci_domain_id,0,0,0,0,0,0,0,0
device__attribute_ram_location,1,1,1,1,1,1,1,1
device__attribute_ram_type,15,15,15,15,15,15,15,15
device__attribute_reserved_shared_memory_per_block,"1,024","1,024","1,024","1,024","1,024","1,024","1,024","1,024"
device__attribute_sass_level,8,8,8,8,8,8,8,8
device__attribute_single_to_double_precision_perf_ratio,2,2,2,2,2,2,2,2
device__attribute_sparse_cuda_array_supported,1,1,1,1,1,1,1,1
device__attribute_stream_priorities_supported,1,1,1,1,1,1,1,1
device__attribute_surface_alignment,512,512,512,512,512,512,512,512
device__attribute_tcc_driver,0,0,0,0,0,0,0,0
device__attribute_tensor_map_access_supported,0,0,0,0,0,0,0,0
device__attribute_texture_alignment,512,512,512,512,512,512,512,512
device__attribute_texture_pitch_alignment,32,32,32,32,32,32,32,32
device__attribute_total_constant_memory,"65,536","65,536","65,536","65,536","65,536","65,536","65,536","65,536"
device__attribute_total_memory,"42,409,000,960","42,409,000,960","42,409,000,960","42,409,000,960","42,409,000,960","42,409,000,960","42,409,000,960","42,409,000,960"
device__attribute_unified_addressing,1,1,1,1,1,1,1,1
device__attribute_unified_function_pointers,0,0,0,0,0,0,0,0
device__attribute_virtual_address_management_supported,1,1,1,1,1,1,1,1
device__attribute_warp_size,32,32,32,32,32,32,32,32
dram__throughput.avg.pct_of_peak_sustained_elapsed [%],35.82,14.70,45.12,14.79,5.73,20.44,10.33,20.15
dram__throughput.max.pct_of_peak_sustained_elapsed [%],37.41,14.78,46.95,14.89,5.99,20.65,10.99,20.43
dram__throughput.min.pct_of_peak_sustained_elapsed [%],34.30,14.66,43.52,14.72,5.52,20.28,10.07,19.94
dram__throughput.sum.pct_of_peak_sustained_elapsed [%],35.82,14.70,45.12,14.79,5.73,20.44,10.33,20.15
launch__block_dim_x [block],32,256,128,256,32,128,128,128
launch__block_dim_y [block],4,1,1,1,4,1,1,1
launch__block_dim_z [block],1,1,1,1,1,1,1,1
launch__block_size,128,256,128,256,128,128,128,128
launch__context_id,1,1,1,1,1,1,1,1
launch__device_id,0,0,0,0,0,0,0,0
launch__func_cache_config,CachePreferNone,CachePreferNone,CachePreferNone,CachePreferNone,CachePreferNone,CachePreferNone,CachePreferNone,CachePreferNone
launch__function_pcs,"140,517,001,906,944","140,516,696,559,872","140,517,002,015,488","140,516,696,559,872","140,517,001,906,944","140,516,696,397,312","140,517,002,015,488","140,516,696,397,312"
launch__grid_dim_x,"3,328",28,"11,648",28,256,28,896,28
launch__grid_dim_y,1,13,1,13,1,2,1,2
launch__grid_dim_z,1,1,1,1,1,1,1,1
launch__grid_size,"3,328",364,"11,648",364,256,56,896,56
launch__kernel_name,0,0,0,0,0,0,0,0
launch__occupancy_limit_blocks [block],32,32,32,32,32,32,32,32
launch__occupancy_limit_registers [block],16,1,16,1,16,2,16,2
launch__occupancy_limit_shared_mem [block],28,1,32,1,28,0,32,0
launch__occupancy_limit_warps [block],16,8,16,8,16,16,16,16
launch__occupancy_per_block_size,"3,642 {65}",73 {65},"3,670 {65}",73 {65},"3,642 {65}",0 {65},"3,670 {65}",0 {65}
launch__occupancy_per_register_count,"5,792 {257}","2,056 {257}","5,792 {257}","2,056 {257}","5,792 {257}",0 {257},"5,792 {257}",0 {257}
launch__occupancy_per_shared_mem_size,"1,036 {328}","2,616 {328}","1,036 {328}","2,616 {328}","1,036 {328}",776 {328},"1,036 {328}",776 {328}
launch__registers_per_thread [register/thread],31,238,32,238,31,246,32,246
launch__registers_per_thread_allocated [register/thread],"4,096","61,440","4,096","61,440","4,096","31,744","4,096","31,744"
launch__shared_mem_config_size [Kbyte],32.77,167.94,32.77,167.94,32.77,102.40,32.77,102.40
launch__shared_mem_per_block [Kbyte/block],1.05,148.48,1.02,148.48,1.05,99.33,1.02,99.33
launch__shared_mem_per_block_allocated [Kbyte/block],1.15,148.48,1.02,148.48,1.15,99.33,1.02,99.33
launch__shared_mem_per_block_driver [Kbyte/block],1.02,1.02,1.02,1.02,1.02,1.02,1.02,1.02
launch__shared_mem_per_block_dynamic [Kbyte/block],0.02,98.30,0,98.30,0.02,49.15,0,49.15
launch__shared_mem_per_block_static [Kbyte/block],0,49.15,0,49.15,0,49.15,0,49.15
launch__sm_count [SM],108,108,108,108,108,108,108,108
launch__stream_id,7,7,7,7,7,7,7,7
launch__thread_count [thread],"425,984","93,184","1,490,944","93,184","32,768","7,168","114,688","7,168"
launch__uses_cdp,0,0,0,0,0,0,0,0
launch__uses_green_context,0,0,0,0,0,0,0,0
launch__uses_vgpu,0,0,0,0,0,0,0,0
launch__waves_per_multiprocessor,1.93,3.37,6.74,3.37,0.15,0,0.52,0
numa__cpu_affinity,1,1,1,1,1,1,1,1
numa__dev_display_name_all,1,1,1,1,1,1,1,1
numa__id_cpu,1,1,1,1,1,1,1,1
numa__id_memory,1,1,1,1,1,1,1,1
nvlink__bandwidth,0,0,0,0,0,0,0,0
nvlink__count_logical,0,0,0,0,0,0,0,0
nvlink__count_physical,0,0,0,0,0,0,0,0
nvlink__destination_ports,0,0,0,0,0,0,0,0
nvlink__dev0Id,0,0,0,0,0,0,0,0
nvlink__dev0type,0,0,0,0,0,0,0,0
nvlink__dev1Id,0,0,0,0,0,0,0,0
nvlink__dev1type,0,0,0,0,0,0,0,0
nvlink__dev_display_name_all,1,1,1,1,1,1,1,1
nvlink__enabled_mask,0,0,0,0,0,0,0,0
nvlink__is_direct_link,0,0,0,0,0,0,0,0
nvlink__is_nvswitch_connected,0,0,0,0,0,0,0,0
nvlink__max_count,12,12,12,12,12,12,12,12
nvlink__peer_access,0,0,0,0,0,0,0,0
nvlink__peer_atomic,0,0,0,0,0,0,0,0
nvlink__source_ports,0,0,0,0,0,0,0,0
nvlink__system_access,0,0,0,0,0,0,0,0
nvlink__system_atomic,0,0,0,0,0,0,0,0
profiler__perfworks_session_reuse,0,0,0,0,0,0,0,0
profiler__replayer_bytes_mem_accessible.avg [Gbyte],16.59,16.59,16.59,16.59,33.60,33.60,33.60,33.60
profiler__replayer_bytes_mem_accessible.max [Gbyte],16.59,16.59,16.59,16.59,33.60,33.60,33.60,33.60
profiler__replayer_bytes_mem_accessible.min [Gbyte],16.59,16.59,16.59,16.59,33.60,33.60,33.60,33.60
profiler__replayer_bytes_mem_accessible.sum [Gbyte],99.55,99.55,99.55,99.55,201.57,201.57,201.57,201.57
profiler__replayer_bytes_mem_backed_up.avg [Gbyte],16.59,16.59,16.59,16.59,33.60,33.60,33.60,33.60
profiler__replayer_bytes_mem_backed_up.max [Gbyte],16.59,16.59,16.59,16.59,33.60,33.60,33.60,33.60
profiler__replayer_bytes_mem_backed_up.min [Gbyte],16.59,16.59,16.59,16.59,33.60,33.60,33.60,33.60
profiler__replayer_bytes_mem_backed_up.sum [Gbyte],99.55,99.55,99.55,99.55,201.57,201.57,201.57,201.57
profiler__replayer_passes [pass],6,6,6,6,6,6,6,6
profiler__replayer_passes_type_warmup [pass],0,0,0,0,0,0,0,0
sm__maximum_warps_avg_per_active_cycle [warp],64,8,64,8,64,0,64,0
sm__maximum_warps_per_active_cycle_pct [%],100,12.50,100,12.50,100,0,100,0
sm__throughput.avg.pct_of_peak_sustained_active [%],71.48,90.53,77.32,89.45,19.76,85.35,47.01,83.90
sm__throughput.max.pct_of_peak_sustained_active [%],74.22,107.44,81.00,106.16,25.01,164.61,51.13,161.81
sm__throughput.min.pct_of_peak_sustained_active [%],69.56,80.58,72.42,79.62,16.68,0,45.13,0
sm__throughput.sum.pct_of_peak_sustained_active [%],71.48,90.53,77.32,89.45,19.76,85.35,47.01,83.90
smsp__maximum_warps_avg_per_active_cycle [warp],16,2,16,2,16,1,16,1
